"序号","项目编号","货号","检测服务产品名称/检测内容","签收要求","审核要求","流转要求","流转数量","备注"
"1","RSPM2025033","LK291","OncoScreen® Plus组织版","/","一、切片：
N＞10张，合格需反馈
穿刺切片：
5张＜N＜8张，警戒
N≤5张，不合格
手术切片：
N≤2张，不合格
二、温控要求：0℃~30℃","路径a","≤10张","/"
"2","RSPM2025001","LK294","OncoScreen® Plus CDx组织版","1、由实验室贴M码
2、申请单研究编号为D7080C00001","一、切片：
N＞15张，合格需反馈
N＜10张，不合格
二、样本/申请单受试者筛选号（E-code）/研究编号不一致，反馈并暂停","路径a","≤15张","/"
"3","RSPM2025018","LK291","OncoScreen® Plus组织版","/","一、切片：
N＞10张，合格需反馈
穿刺切片：
N＜8张，不合格
手术切片：
N＜2张，不合格
二、组织样本共用要求：LK291和LK361共用1张HE片，使用LK361的白片制备HE","1、受试者无既往报告，前瞻性检测：路径a
2、受试者既往报告符合方案要求，回顾性检测：暂存等通知","≤10张","/"
"4","RSPM2025017","LK101","燃石朗克®组织版","/","切片（N含HE片）：
N＞10张，合格需反馈
穿刺切片：
5张＜N＜8张，警戒
N≤5张，不合格
手术切片：
N≤2张，不合格","1、到位即检：路径a
2、批量送检：暂存等通知","≤10张","/"
"5","RSPM2025017","LK167","燃石朗清®血浆版","/","全血：
2ml＜M＜6ml，警戒
M≤2ml，不合格","1、到位即检：路径a
2、批量送检：暂存等通知","/","/"
"6","RSPM2024066","LK291","OncoScreen® Plus组织版","由实验室贴M码","切片：
N＞10张，合格需反馈
穿刺切片：
5张＜N＜8张，警戒
N≤5张，不合格
手术切片：
N≤2张，不合格","路径a（申办方要求的暂存情况除外）","≤10张","/"
"7","RSPM2025019","LK101","燃石朗克®组织版","/","切片：
穿刺切片：
N＜6张，不合格
手术切片：
N＜4张，不合格","路径a","1、穿刺切片：6张
2、手术切片：4张","/"
"8","RSPM2024061","LK101","燃石朗克®组织版","/","切片：
N＞20张，不合格需反馈
穿刺切片：
5张＜N＜8张，警戒
N≤5张，不合格
手术切片：
N≤2张，不合格","筛选期：路径a","≤20张","/"
"9","RSPM2024061","LK165","燃石朗克®血浆版","筛选期送检两管血，未贴条码的一管贴临时标签","一、全血：
2ml＜M＜6ml，警戒
M≤2ml，不合格
二、非外部贴码样本申请单“是否生成报告”勾选为是，但系统默认录入为否，无需反馈","1、筛选期（C1D1给药前），外部贴码：路径a
2、其余访视节点，非外部贴码：暂存等通知","/","/"
"10","RSPM2024050","LK309","OncoScreen® Plus组织版","/","一、切片：
N＞15张，合格需反馈
穿刺切片：
5张＜N＜10张，警戒
N≤5张，不合格
手术切片：
2张＜N＜6张，警戒
N≤2张，不合格
二、暂存要求：2℃~8℃","路径a","1、穿刺切片：10张
2、手术切片：6张","/"
"11","RSPM2025004","LK291","OncoScreen® Plus组织版","/","一、切片：
N＞10张，合格需反馈
穿刺切片：
5张＜N＜8张，警戒
N≤5张，不合格
手术切片：
N≤2张，不合格
二、温控要求：0℃~30℃","路径a","≤10张","/"
"12","RSPM2025004","LK292","OncoCompass® Plus血浆版","/","一、全血：
N＞1管，不合格（分别贴标，按单管分离）
2ml＜M＜6ml，警戒
M≤2ml，不合格
二、温控要求：15℃~25℃","路径a","/","/"
"13","RSPM2024070","LK101","燃石朗克®组织版","/","一、切片：
N＞10张，不合格
穿刺切片：
5张＜N＜8张，警戒
N≤5张，不合格
手术切片：
N≤2张，不合格","路径a","≤10张","/"
"14","RSPM2024070","LK167","燃石朗清®血浆版","/","一、全血：
M＜6ml，不合格
二、温控要求：15℃~25℃","路径a","/","/"
"15","RSPM2024022","LK290","OncoScreen® Plus遗传版","/","全血：
M＜0.2ml，不合格","路径a","/","/"
"16","RSPM2024065","LK190","燃石朗清® Pro CDx血浆版","/","一、全血：
M＜5ml，不合格
二、如有以下情况，反馈并暂停：
（1）全血温控要求：6℃~30℃；血浆温控要求：-20℃以下
（2）样本寄送未加温控，需反馈
（3）接收及运输的温度范围外，需反馈。","路径a","/","/"
"17","RSPM2024057","LK262","燃石朗克® CDx组织版","/","切片（N含HE片）：
N＞10张，合格需反馈
穿刺切片：
N＜5张，不合格
手术切片：
N＜2张，不合格","路径a","≤10张","/"
"18","RSPS2023006","LK305","OncoScreen® ParpMatch Pro CDx组织版","1、由实验室贴M码
2、查询微文档是否有指定M码","一、切片：
N含空白玻片或HE片，反馈并暂停
N＞15张，不合格，反馈后流转
穿刺切片：
N＜15张，不合格
手术切片：
N＜10张，不合格
二、样本上受试者筛选号（E-code）和样本标记信息（AccessionNo.）两者任一缺少，反馈并暂停
三、申请单审核如有以下情况，反馈并暂停：
（1）申请单预打印信息出现手动修改，包括样本标记信息（AccessionNo.和E-code码）、研究编号、医院联系人
（2）样本随附申请单非原件
（3）切片厚度非4、5μm
（4）取材部位为Breast，Tumortype勾选项非Primary
（5）取材部位非Breast，Tumortype勾选项非Metastatic","路径a","1、穿刺切片：15张
2、手术切片：≤15张","/"
"19","RSPM2024048","LK309","OncoScreen® Plus组织版","/","切片（N含HE片）：
N＞10张，合格需反馈
穿刺切片：
5张＜N＜8张，警戒
N≤5张，不合格
手术切片：
N≤2张，不合格","路径a","≤10张","/"
"20","RSPM2024048","LK292","OncoCompass® Plus血浆版","/","全血：
2ml/管＜M＜6ml/管，警戒
M≤2ml/管，不合格","路径a","/","/"
"21","RSPM2024047","LK170","燃石朗清®组织版","/","切片：
N＞10张，合格需反馈
穿刺切片：
5张＜N＜8张，警戒
N≤5张，不合格
手术切片：
2张＜N＜5张，警戒
N≤2张，不合格","1、预筛选期：路径a
2、其余访视节点：暂存等通知
3、申请单手写：APS-RET-103-BC-P，系统上备注单例流转：路径a","≤10张","/"
"22","RSPM2024047","LK167","燃石朗清®血浆版","/","全血：
2ml＜M＜6ml，警戒
M≤2ml，不合格","1、预筛选期：路径a
2、其余访视节点：暂存等通知
3、申请单手写：APS-RET-103-BC-P，系统上备注单例流转：路径a","/","/"
"23","RSPM2024027","LK101","燃石朗克®组织版","/","一、切片（N含HE片）：
N含空白玻片或HE片，反馈并暂停
穿刺切片：
N≥8张，无需反馈，合格全部流转
5张＜N＜8张，警戒
N≤5张，不合格
手术切片：
N≥3张，无需反馈，合格全部流转
N＜3张，不合格
二、组织样本共用要求：LK101与LK170共用样本","检测LK101&LK170时：LK101路径a","全部流转","/"
"24","RSPM2024027","LK165","燃石朗克®血浆版","M＞1管且未贴条码时，1管贴1个临时标签","全血：
N＞1管，不合格（分别贴标，按单管分离）
2ml＜M＜6ml，警戒
M≤2ml，不合格","路径a","1管","/"
"25","RSPM2024039","LK101","燃石朗克®组织版","/","一、切片：
N含空白玻片或HE片，反馈并暂停
N＞10张，不合格
穿刺切片：
5张＜N＜8张，警戒
N≤5张，不合格
手术切片：
N≤2张，不合格
二、申请单审核注意事项：对于检测申请单中任何信息模糊、难以分辨的字体均需反馈并暂停","1、筛选期：路径a
2、其余访视节点：暂存等通知","≤10张","/"
"26","RSPM2024039","LK165","燃石朗克®血浆版","/","一、全血：
2ml＜M＜6ml，警戒
M≤2ml，不合格
二、申请单审核注意事项：对于检测申请单中任何信息模糊、难以分辨的字体均需反馈并暂停","1、筛选期：路径a
2、其余访视节点：暂存等通知","/","/"
"27","RSPM2024038","LK521","OncoScreen® WES","/","一、切片：
N含空白玻片或HE片，反馈并暂停
N＞15张，合格需反馈
穿刺切片：
5张＜N＜8张，警戒
N≤5张，不合格
手术切片：
N≤2张，不合格
二、组织样本共用要求：LK521与LK340共用样本
三、全血：
M＜0.2ml，不合格
四、如LK521白细胞订单系统录入为否出报告，申请单为是，无需反馈（默认以系统为准）","路径a","切片：≤15张","/"
"28","RSPM2024038","LK340","捕获转录组测序(Capture-WTS)","/","一、切片：
N含空白玻片或HE片，反馈并暂停
N＞15张，合格需反馈
穿刺切片：
5张＜N＜8张，警戒
N≤5张，不合格
手术切片：
N≤2张，不合格
二、组织样本共用要求：LK521与LK340共用样本，申请单默认为否出报告","路径a","切片：≤15张","/"
"29","RSPS2023010","LK291","OncoScreen® Plus组织版","1、由实验室贴M码
2、申请单研究编号为Protocol（J3M-MC-JZQB）
3、送检2管全血，1管贴1个M码，对应申请单贴2个M码","一、切片：
N含空白玻片或HE片，暂停
N＞10张，合格需反馈
穿刺切片：
5张＜N＜8张，警戒
N≤5张，不合格
手术切片：
N≤2张，不合格
二、申请单如无项目编号一维码，反馈并暂停","路径a","≤10张","/"
"30","RSPS2023010","LK292","OncoCompass® Plus血浆版","1、由实验室贴M码
2、申请单研究编号为Protocol（J3M-MC-JZQB）
3、送检2管全血，1管贴1个M码，对应申请单贴2个M码","一、全血：
N＞1管，不合格
2ml＜M＜6ml，警戒
M≤2ml，不合格
二、申请单如无项目编号一维码，反馈并暂停","1、已推送财务血液：路径a
2、未推财务血液：分离暂存","/","/"
"31","RSPM2024033","LK291","OncoScreen® Plus组织版","/","一、切片（N含HE片）：
N含空白玻片或HE片，暂停
N＞10张，合格需反馈
穿刺切片：
N＜8张，不合格
手术切片：
N＜5张，不合格
二、温控要求：0℃~30℃","路径a","≤10张","/"
"32","RSPM2024033","LK292","OncoCompass® Plus血浆版","/","一、全血：
N＞1管，不合格
2ml＜M＜6ml，警戒
M≤2ml，不合格
二、温控要求：0℃~30℃","路径a","/","/"
"33","RSPS2024003","LK179","燃石朗清® Pro血浆版UMI","/","一、全血：
M＜5ml，不合格
二、申请单审核时请注意：
（1）申请单英文医院名称翻译后与中文意思相近即可
（2）非样本本身异常情况可直接流转检测，并同步反馈异常","路径a","/","/"
"34","RSPM2024026","LK262","燃石朗克® CDx组织版","/","一、切片：
N含空白玻片或HE片，暂停
N＞10张，合格需反馈
穿刺切片：
N＜8张，不合格
手术切片：
N＜5张，不合格
二、温控要求：0℃~30℃","路径a","≤10张","/"
"35","RSPS2023008","LK294","OncoScreen® Plus CDx组织版","由实验室贴M码","切片（N含HE片）：
N含空白玻片或HE片，暂停
N＞10张，合格需反馈
穿刺切片：
N＜5张，不合格
手术切片：
N＜2张，不合格","路径a","≤10张","/"
"36","RSPM2024018","LK292","OncoCompass® Plus血浆版","/","全血：
2ml＜M＜6ml，警戒
M≤2ml，不合格","路径a","/","/"
"37","RSPM2024003","LK170","燃石朗清®组织版","/","切片：
N含空白玻片或HE片，反馈并暂停
N＞10张，合格需反馈
穿刺切片：
5张＜N＜8张，警戒
N≤5张，不合格
手术切片：
N≤2张，不合格","路径a","≤10张","/"
"38","RSPM2024003","LK167","燃石朗清®血浆版","/","全血：
2ml＜M＜6ml，警戒
M≤2ml，不合格","路径a","/","/"
"39","RSPS2024002","LK262","燃石朗克® CDx组织版","/","切片（N含HE片）：
N＞10张，合格需反馈
穿刺切片：
N＜5张，不合格
手术切片：
N＜2张，不合格","路径a","≤10张","/"
"40","RSPS2024002","LK106","燃石朗清® CDx血浆版","/","全血：
M＞10ml，合格需反馈
M＜5ml，不合格","路径a","/","/"
"41","RSPM2023021","LK361","PD-L1(22c3)","/","切片（N含HE片）：
N含空白玻片或HE片，暂停
N＞3张，合格需反馈
N＜2张，不合格","路径a","≤3张","/"
"42","RSPS2024001","LK262","燃石朗克® CDx组织版","/","切片：
N＞10张，合格需反馈
穿刺切片：
N＜5张，不合格
手术切片：
N＜2张，不合格","路径a","≤10张","/"
"43","RSPM2023058","LK170","燃石朗清®组织版","/","一、切片：
N＞10张，合格需反馈
穿刺切片：
5张＜N＜8张，警戒
N≤5张，不合格
手术切片：
N≤2张，不合格
二、组织样本共用要求：LK170和LK361共用1张HE片，使用LK361的1张白片制备HE片","路径a","≤10张","/"
"44","RSPM2023058","LK361","PD-L1(22c3)","/","一、切片：
N≠5张，不合格
二、组织样本共用要求：LK170和LK361共用1张HE片，使用LK361的1张白片制备HE片","路径a","5张","/"
"45","RSPM2023054","LK118","燃石馥康®组织版","/","切片：
N含空白玻片或HE片，反馈并暂停
N＞10张，合格需反馈
穿刺切片：
5张＜N＜8张，警戒
N≤5张，不合格
手术切片：
N≤2张，不合格","路径a，按快速检测","≤10张","/"
"46","RSPM2023043","LK101","燃石朗克®组织版","/","切片：
N＞10张，合格需反馈
穿刺切片：
5张＜N＜8张，警戒
N≤5张，不合格
手术切片：
N≤2张，不合格","路径a","≤10张","/"
"47","RSPM2023051","LK030","KRAS","/","切片：
穿刺切片：N＜8张，不合格
手术切片：N＜5张，不合格","路径a","1、穿刺切片：≤8张
2、手术切片：≤5张","/"
"48","RSPM2023038","LK101","燃石朗克®组织版","/","切片（N含HE片）：
N＞10张，合格需反馈
穿刺切片：
5张＜N＜8张，警戒
N≤5张，不合格
手术切片：
N≤2张，不合格","1、立即检测：路径a
2、暂存复检：暂存等通知","≤10张","/"
"49","RSPM2023035","LK106","燃石朗清® CDx血浆版","/","全血：
M＜5ml，不合格","路径a","/","/"
"50","RSPM2023030","LK262","燃石朗克® CDx组织版","/","切片：
N＞10张，合格需反馈
穿刺切片：
5张＜N＜8张，警戒
N≤5张，不合格
手术切片：
N≤2张，不合格","路径a","≤10张","/"
"51","RSPS2023004","LK264","燃石朗克® CDx组织版","/","一、切片：
N＞10张，合格需反馈
穿刺切片：
N＜8张，不合格
手术切片：
N＜5张，不合格
二、温控要求：常温","路径a","≤10张","/"
"52","RSPS2023004","LK106","燃石朗清® CDx血浆版","/","一、全血：
M＜5ml，不合格
二、温控要求：常温","路径a","/","/"
"53","RSPM2023029","LK292","OncoCompass® Plus血浆版","/","一、全血：
2ml＜M＜6ml，警戒
M≤2ml，不合格
二、血浆","路径a","/","/"
"54","RSPM2023025","LK291","OncoScreen®Plus组织版","/","一、切片：
N含空白玻片或HE片，反馈并暂停
N＞10张，合格需反馈
穿刺切片：
5张＜N＜8张，警戒
N≤5张，不合格
手术切片：
N≤2张，不合格","筛选期：路径a","1、穿刺切片：≤10张
2、手术切片：≤5张","/"
"55","RSPM2023025","LK292","OncoCompass®Plus血浆版","/","一、全血：
2ml＜M＜6ml，警戒
M≤2ml，不合格","1、筛选期：路径a
2、访视期：路径b","/","/"
"56","RSPM2023009","LK300","OncoCompass® Plus血浆定制版","1、筛选期样本由实验室贴M码，入组样本贴临时标签
2、申请单研究编号为WO43919","全血：
N＞1管，不合格暂停等通知
2ml＜M＜6ml，警戒
M≤2ml，不合格","1、筛选期，全血：路径a
2、入组期，血浆：路径b","/","/"
"57","RSPM2023002","LK296","OncoScreen® Plus CDx组织版","/","全血：
M＞2ml，不合格
M＜0.2ml，不合格","路径a","/","/"
"58","RSPS2023001","LK291","OncoScreen® Plus组织版","/","一、切片：
N含空白玻片或HE片，暂停
N＞15张，合格需反馈
穿刺切片：
5张＜N＜8张，警戒
N≤5张，不合格
手术切片：
N≤2张，不合格
二、温控要求：10℃~30℃","1、单例前瞻性检测：路径a
2、批量回顾性检测：暂存等通知","≤15张","/"
"59","RSPS2023001","LK106","燃石朗清® CDx血浆版","/","一、全血：
M＜5ml，不合格
二、温控要求：10~30℃","1、单例前瞻性检测：路径a
2、批量回顾性检测：暂存等通知","/","/"
"60","RSPM2022028","LK262","燃石朗克® CDx组织版","/","切片：
N含空白玻片或HE片，暂停
N＞15张，合格需反馈
穿刺切片：
N＜5张，不合格
手术切片：
N＜3张，不合格","路径a","≤15张","/"
"61","RSPM2022028","LK106","燃石朗清® CDx血浆版","/","全血：
M＜5ml，不合格","路径a","/","/"
"62","RSPM2022054","LK291","OncoScreen® Plus组织版","/","切片：
（1）主研究：
N含空白玻片或HE片，暂停
N＞10张，合格需反馈
穿刺切片：
5张＜N＜8张，警戒
N≤5张，不合格
手术切片：
N≤2张，不合格
（2）探索性研究：
N含空白玻片或HE片，暂停
N＞7张，合格需反馈
穿刺切片：
5张＜N＜7张，警戒
N≤5张，不合格
手术切片：
N≤2张，不合格","1、筛选期：路径a
2、入组期：路径b","1、主研究：≤10张
2、探索性研究：≤7张","/"
"63","RSPM2022054","LK292","OncoCompass® Plus血浆版","/","全血：
M＜0.2ml，不合格","1、筛选期：路径a
2、入组期：路径b","/","/"
"64","RSPM2022053","LK262","燃石朗克® CDx组织版","/","切片：
N＞10张，合格需反馈
穿刺切片：
5张＜N＜8张，警戒
N≤5张，不合格
手术切片：
N≤2张，不合格","路径a","≤10张","/"
"65","RSPM2022053","LK291","OncoScreen® Plus组织版","/","切片：
N＞10张，合格需反馈
穿刺切片：
5张＜N＜8张，警戒
N≤5张，不合格
手术切片：
N≤2张，不合格","路径a","≤10张","/"
"66","RSPM2022053","LK292","OncoCompass® Plus血浆版","/","全血：
2ml＜M＜6ml，警戒
M≤2ml，不合格","路径a","/","/"
"67","RSPM2022049","LK512","myChoice HRD Plus","/","切片：
穿刺切片：
N＞20张，合格需反馈
5张＜N＜8张，警戒
N≤5张，不合格
手术切片：
N＞8张，合格需反馈
N≤2张，不合格","路径a","1、穿刺切片：≤20张
2、手术切片：≤8张","/"
"68","RSPM2022049","LK335","全转录组测序(WTS)","/","切片：
穿刺切片：
N＞20张，合格需反馈
5张＜N＜8张，警戒
N≤5张，不合格
手术切片：
N＞8张，合格需反馈
N≤2张，不合格","路径a","1、穿刺切片：≤20张
2、手术切片：≤8张","/"
"69","RSPM2022052","LK601","OncoRNA","/","切片：
N＞15张，合格需反馈
穿刺切片：
5张＜N＜8张，警戒
N≤5张，不合格
手术切片：
N≤2张，不合格","1、需双提，检测申请单单独勾选LK601，LK601继续检测，LK291核酸提取后暂存
2、路径a","1、穿刺切片：≤15张
2、手术切片：≤8张","/"
"70","RSPM2022047","LK291","OncoScreen® Plus组织版","/","切片：
N＞15张，合格需反馈
穿刺切片：
5张＜N＜8张，警戒
N≤5张，不合格
手术切片：
N≤2张，不合格","1、需双提（检测申请单单独勾选LK291，LK291继续检测，LK601核酸提取后暂存）
2、路径a","1、穿刺切片：≤15张
2、手术切片：≤8张","/"
"71","RSPM2022047","LK292","OncoCompass® Plus血浆版","/","全血：
N＞1管，不合格
2ml＜M＜6ml，警戒
M≤2ml，不合格","路径a","/","/"
"72","RSPM2022012","LK291","OncoScreen® Plus组织版","/","切片：
N＞10张，合格需反馈
穿刺切片：
5张＜N＜8张，警戒
N≤5张，不合格
手术切片：
N≤2张，不合格","路径a","≤10张","/"
"73","RSPM2022012","LK167","燃石朗清®血浆版","/","全血：
2ml＜M＜6ml，警戒
M≤2ml，不合格","路径a","/","/"
"74","RSPM2022036","LK103","朗康®组织版","/","切片：
N＞10张，合格需反馈
穿刺切片：
5张＜N＜8张，警戒
N≤5张，不合格
手术切片：
N≤2张，不合格","1、筛选期（子宫内膜癌队列）：路径a
2、筛选期（非子宫内膜癌队列）：暂存等通知","≤10张","/"
"75","RSPM2022033","LK291","OncoScreen® Plus组织版","/","切片：
N＞10张，合格需反馈
穿刺切片：
5张＜N＜8张，警戒
N≤5张，不合格
手术切片：
N≤2张，不合格","筛选期：路径a；","≤10张","/"
"76","RSPM2022033","LK292","OncoCompass® Plus血浆版","/","全血：
2ml＜M＜6ml，警戒
M≤2ml，不合格","1、筛选期：路径a
2、探索性研究：路径b","/","/"
"77","RSPS2025002","LK309","OncoScreen® Plus组织版","/","切片：
N＞10张，合格需反馈
N≤2张，不合格","路径a","≤10张","/"
"78","RSPM2022022","LK291","OncoScreen® Plus组织版","/","切片：
N＞8张，合格需反馈
穿刺切片：
5张＜N＜8张，警戒
N≤5张，不合格
手术切片：
N≤2张，不合格","路径a","≤8张","/"
"79","RSPM2022025","LK262","燃石朗克® CDx组织版","/","切片：
N＞10张，合格需反馈
穿刺切片：
N≤8张，不合格
手术切片：
N≤2张，不合格","路径a","≤10张","/"
"80","RSPM2022003","LK291","OncoScreen® Plus组织版","/","切片（N含HE片）：
N＞10张，合格需反馈
穿刺切片：
N≤5张，不合格
手术切片：
N≤2张，不合格","路径a","1、穿刺切片：≤10张
2、手术切片：≤5张","/"
"81","RSPM2022003","LK292","OncoCompass® Plus血浆版","/","全血：
2ml＜M＜6ml，警戒
M≤2ml，不合格","路径a","/","/"
"82","RSPM2022013","LK521","OncoScreen® WES","/","一、切片（仅检测LK521）：
N＞10张，合格需反馈
穿刺切片：
5张≤N＜10张，警戒
N＜5张，不合格
手术切片：
2张≤N＜5张，警戒
N＜2张，不合格
二、切片（检测LK521、LK021和LK170）：
N＞20张，合格需反馈
穿刺切片：
12张≤N＜15张，警戒
N＜12张，不合格
手术切片：
2张≤N＜7张，警戒
N＜2张，不合格
三、组织样本共用要求：LK521、LK021和LK170共用样本
四、全血：
N＞2管，不合格
8ml≤M＜16ml且N≤2管，警戒
M＜8ml，不合格
五、血液样本若未标记受试者编号，反馈并暂停","1、切片：
基线期：路径a
筛选期：路径b
备注有“手术后组织样本，仅保存，暂无检测项目”：暂存等通知
2、全血：
检测申请单EGFR状态未知：路径b
检测申请单EGFR状态阳性：路径a","1、切片（仅检测LK521）：≤10张
2、切片（检测LK521+LK021+LK170）：≤20张
3、全血：≤2管
","/"
"83","RSPM2022013","LK021","EGFR","/","一、切片：
N＞20张，合格需反馈
穿刺切片：
12张≤N＜15张，警戒
N＜12张，不合格
手术切片：
2张≤N＜7张，警戒
N＜2张，不合格
二、组织样本共用要求：LK521、LK021和LK170共用样本","筛选期：路径a","≤20张","/"
"84","RSPM2022013","LK522","朗微®-MRD","/","一、全血：
N＞2管，不合格
8ml≤M＜16ml且N≤2管，警戒
M＜8ml，不合格
二、样本若未标记受试者编号，反馈并暂停","1、基线期，检测申请单EGFR状态未知：路径b
2、基线期，检测申请单EGFR状态阳性：路径a
3、非基线期：路径a","≤2管","/"
"85","RSPS2022004","LK291","OncoScreen® Plus组织版","/","一、切片：
N＞15张，合格需反馈
穿刺切片：
5张＜N＜8张，警戒
N≤5张，不合格
手术切片：
N≤2张，不合格
二、温控要求：10℃~30℃","1、筛选期：路径a
2、其余访视节点：暂存等通知","≤15张","/"
"86","RSPS2022004","LK167","燃石朗清®血浆版","/","一、全血：
2ml＜M＜6ml，警戒
M≤2ml，不合格
二、温控要求：10℃~30℃","1、筛选期：路径a
2、其余访视节点：暂存等通知","/","/"
"87","RSPS2022004","LK106","燃石朗清® CDx血浆版","/","一、全血：
M≤5ml，不合格
二、温控要求：10℃~30℃","1、筛选期：路径a
2、其余访视节点：暂存等通知","/","/"
"88","RSPS2022006","LK291","OncoScreen® Plus组织版","/","切片：
N＞10张，合格需反馈
穿刺切片：
5张＜N＜8张，警戒
N≤5张，不合格
手术切片：
N≤2张，不合格","1、CTA入排：路径a
2、探索性研究&Local入组：暂存等通知","≤10张","/"
"89","RSPS2022006","LK167","燃石朗清®血浆版","/","全血：
2ml＜M＜6ml，警戒
M≤2ml，不合格","1、CTA入排：路径a
2、探索性研究&Local入组：暂存等通知","/","/"
"90","RSPM2022009","LK297","OncoScreen® Plus CDx组织版","/","一、切片：
N＞10张，合格需反馈
穿刺切片：
N≤8张，不合格
手术切片：
N≤2张，不合格
二、全血：
M＜0.2ml，不合格","路径a","切片：≤10张","/"
"91","RSPS2021016","LK167","燃石朗清®血浆版","/","一、全血：
T＞3d，合格需反馈
2ml＜M＜6ml，警戒
M≤2ml，不合格
二、申请单审核时如出现以下情况，反馈后继续流转：
（1）样本类型、访视节点未勾选
（2）取样时间、出生日期、临床诊断等未填写
（3）送检人信息（姓名、电话、邮箱等）模糊","路径a","/","/"
"92","RSPS2022001","LK513","myChoice HRD Plus","由实验室贴M码","切片：
N＞15张，合格需反馈
N＜6张，不合格","路径a","≤15张","/"
"93","RSPS2021018","LK262","燃石朗克® CDx组织版","/","切片：
N＞10张，合格需反馈
穿刺切片：
N＜5张，不合格
手术切片：
N＜2张，不合格","1、筛选期：路径a
2、其余访视节点：暂存等通知","≤10张","/"
"94","RSPS2021018","LK106","燃石朗清® CDx血浆版","/","一、全血：
M＜5ml，不合格
二、温控要求：15℃~25℃","1、筛选期：路径a
2、其余访视节点：暂存等通知","/","/"
"95","RSPS2021018","LK101","燃石朗克®组织版","/","一、胸水：
X≤3ml，不合格
二、温控要求：15℃~25℃","1、筛选期：路径a
2、其余访视节点：暂存等通知","/","/"
"96","RSPS2021007","LK262","燃石朗克® CDx组织版","/","一、切片：
N＞15张，合格需反馈
穿刺切片：
N＜5张，不合格
手术切片：
N＜3张，不合格
二、温控要求：10℃~30℃","1、备注为II期：路径a
2、其他：暂存等通知","≤15张","/"
"97","RSPS2021007","LK170","燃石朗清®组织版","/","切片：
N＞10张，合格需反馈
穿刺切片：
N＜5张，不合格
手术切片：
N＜3张，不合格","1、备注为II期：路径a
2、其他：暂存等通知","≤10张","/"
"98","RSPS2021004","LK294","OncoScreen® Plus CDx组织版","/","切片：
N＞10张，合格需反馈
穿刺切片：
N＜5张，不合格
手术切片：
N＜2张，不合格","路径a","≤10张","/"
"99","RSPS2020017","LK291","OncoScreen® Plus组织版","/","切片：
N＞10张，合格需反馈
穿刺切片：
5张＜N＜8张，警戒
N≤5张，不合格
手术切片：
N≤2张，不合格","1、I期（需双提）、II期Cohort2、Cohort4、Cohort5：暂存等通知
2、Ⅱ期Cohort1：需双提：
勾选LK601：LK291路径b，LK601路径a
勾选LK291：LK291路径a，LK601路径b","1、I期、II期Cohort1样本需双提：≤10张
2、Ⅱ期Cohort2、Cohort4、Cohort5：
穿刺样本：≤10张
手术样本：5张","/"
"100","RSPS2020017","LK601","OncoRNA","/","切片：
N＞10张，合格需反馈
穿刺切片：
5张＜N＜8张，警戒
N≤5张，不合格
手术切片：
N≤2张，不合格","1、I期需双提：暂存等通知
2、Ⅱ期Cohort1：需双提：
勾选LK601：LK291路径b，LK601路径a
勾选LK291：LK291路径a，LK601路径b","≤10张","/"
"101","RSPM2025042","LK101","燃石朗克®组织版","/","切片：
N＞5张，合格需反馈
穿刺切片：
N≤4张，不合格
手术切片：
N≤2张，不合格","路径a","1、穿刺切片：5张
2、手术切片：≤5张","/"
"102","RSPM2025043","LK291","OncoScreen® Plus组织版","/","一、切片：
N＞10张，不合格
穿刺切片：
5张＜N＜8张，警戒
N≤5张，不合格
手术切片：
N≤2张，不合格
二、温控要求：0℃-30℃","路径a","≤10张","/"
"103","RSPM2025015","LK291","OncoScreen® Plus组织版","/","一、Pre-SCRNTS筛选期切片：
N＞15张，合格需反馈
穿刺切片：
5张＜N＜8张，警戒
N≤5张，不合格
手术切片：
N≤2张，不合格
二、PR/PD探索性切片：
N＞10张，合格需反馈
穿刺切片：
5张＜N＜8张，警戒
N≤5张，不合格
手术切片：
N≤2张，不合格","1、国内样本：
“是”出报告：路径a
“否”出报告：暂存等通知
2、国外样本：暂存等通知","1、（Pre-）SCRNTS筛选期组织：≤15张
2、PR/PD探索性组织：≤10张","/"
"104","RSPM2025015","LK292","OncoCompass® Plus血浆版","/","/","1、国内样本：
“是”出报告：路径a
“否”出报告：路径b
2、国外样本：暂存等通知","/","/"
"105","RSPS2020010","LK291","OncoScreen® Plus组织版","/","/","1、疾病进展期：路径a
2、基线期：路径b","/","无SSP"
"106","RSPS2020010","LK167","燃石朗清®血浆版","/","/","1、疾病进展期：路径a
2、基线期：路径b","/","无SSP"
"107","RSPL2021003","LK021","EGFR","/","/","路径a","1、穿刺切片：10张
2、手术切片：5张","无SSP"
"108","RSPL2021003","LK081","EGFR-ddPCR","/","/","1、组织：路径a
2、全血：路径b","1、穿刺切片：10张
2、手术切片：5张","无SSP"
"109","RSPL2021003","LK170","燃石朗清®组织版","/","/","路径a","1、穿刺切片：10张
2、手术切片：5张","无SSP"
"110","RSPL2021004","LK021","EGFR","/","/","路径a","1、穿刺切片：10张
2、手术切片：5张","无SSP"
"111","RSPL2021004","LK081","EGFR-ddPCR","/","/","1、组织：路径a
2、全血：路径b","1、穿刺切片：10张
2、手术切片：5张","无SSP"
"112","RSPL2021004","LK170","燃石朗清®组织版","/","/","路径a","1、穿刺切片：10张
2、手术切片：5张","无SSP"
"113","RSPM2025022","LK294","OncoScreen® Plus CDx组织版","1、由实验室贴M码
2、查询微文档是否有指定M码
3、申请单研究编号为D6187C00001
4、LK294与LK340共用样本，贴2个M码","一、切片：
N＞10张，合格需反馈
N＜2张，不合格
二、组织样本共用要求：LK294和LK340共用样本
三、申请单审核如有以下情况，反馈并暂停：
（1）访视节点不是PROSPECTIVEAGASLIDES或PROSPECTIVEAGASLIDESTOBR
（2）癌种非肺癌
（3）是否出具报告：否
四、无需反馈情况：
（1）申请单RequisitionCompletedTime：00:01，系统默认不录入；
（2）申请单SpecimenType：UnstainedSlides，系统默认录入为切片","1、需双提
2、路径a
3、有邮件通知，则按通知要求","≤10张","/"
"114","RSPM2025044","LK170","燃石朗清®组织版","/","切片：
N＞10张，合格需反馈
穿刺切片：
5张＜N＜8张，警戒
N≤5张，不合格
手术切片：
N≤2张，不合格","路径a","≤10张","/"
"115","RSPM2025044","LK167","燃石朗清®血浆版","/","全血：
2ml＜M＜6ml，警戒
M≤2ml，不合格","路径a","/","/"
"116","RSKY2023065","LK335","全转录组测序(WTS)","/","/","1、销售备注“转移灶”：路径a
2、其他：路径b","/","无SSP"
"117","RSPM2025031","LK101","燃石朗克®组织版","/","切片（N含HE片）：
N＞10张，合格需反馈
穿刺、内窥镜等非手术切除获取的切片：
5张＜N＜8张，警戒
N≤5张，不合格
手术切片：
N≤2张，不合格","1、到位即检：路径a
2、批量检测：暂存等通知","≤10张","/"
"118","RSPM2025031","LK167","燃石朗清®血浆版","/","全血：
2ml＜M＜6ml，警戒
M≤2ml，不合格","1、到位即检：路径a
2、批量检测：路径b","/","/"
"119","RSPM2025051","LK170","燃石朗清®组织版","/","切片：
N＞10张，合格需反馈
穿刺切片：
5张＜N＜8张，警戒
N≤5张，不合格
手术切片：
N≤2张，不合格","1、探索研究：暂存等通知
2、主研究或主研究&探索研究：路径a","≤10张","/"
"120","RSTL2021023","LK522","朗微®-MRD","/","不卡控知情","路径a","/","/"
"121","RSPM2025056","LK340","捕获转录组测序(Capture-WTS)","/","一、切片：
N＞10张，合格需反馈
穿刺切片：
5张＜N＜8张，警戒
N≤5张，不合格
手术切片：
N≤2张，不合格
二、组织样本共用要求：LK521和LK340共用1张HE片；DNA和RNA需要双提","路径a","≤10张","/"
"122","RSPM2025056","LK521","OncoScreen® WES","/","一、切片：
N＞10张，合格需反馈
穿刺切片：
5张＜N＜8张，警戒
N≤5张，不合格
手术切片：
N≤2张，不合格
二、组织样本共用要求：LK521和LK340共用1张HE片；DNA和RNA需要双提
三、全血：
N＞1管，不合格
M＜8ml，不合格","路径a","切片：≤10张","/"
"123","RSPM2025056","LK522","朗微®-MRD","/","全血：
N＞1管，不合格
M＜8ml，不合格","路径a","/","/"
"124","RSPM2025058","LK167","燃石朗清®血浆版","/","一、全血：
M＜6ml，不合格
二、温控要求：15℃~25℃","路径a","/","/"
"125","RSPM2025058","LK170","燃石朗清®组织版","/","一、切片：
N＞10张，不合格
穿刺切片：
5张＜N＜8张，警戒
N≤5张，不合格
手术切片：
N≤2张，不合格","路径a","≤10张","/"
"126","RSPM2025062","LK167","燃石朗清®血浆版","/","一、全血：
M＜6ml，不合格
二、温控要求：常温
三、审核要求：是否出具报告以系统上录入为准","路径a","/","/"
"127","RSPM2025063","LK118","燃石馥康®组织版","/","切片（N含HE片）：
N＞10张，合格需反馈
穿刺切片：
5张＜N＜8张，警戒
N≤5张，不合格
手术切片：
N≤2张，不合格","1、申请单“NGS 检测目的”为单例检测：路径a
2、申请单“NGS 检测目的”为批量检测：暂存待通知","≤10张","/"
"128","RSPM2025063","LK206","燃石馥康®血浆版","/","全血：
2ml＜M＜6ml，警戒
M≤2ml，不合格","1、申请单“NGS 检测目的”为单例检测：路径a
2、申请单“NGS 检测目的”为批量检测：路径b","/","/"
"129","RSPS2025003","LK308","OncoScreen® Plus组织升级版","/","一、切片：
N＞20张，合格需反馈
穿刺切片：
10张＜N＜16张，警戒
N≤10张，不合格
手术切片：
N≤4张，不合格
二、新鲜组织/蜡块/冰冻组织：
三、温控要求：
切片、蜡块、新鲜组织：6℃~30℃
DNA、冰冻组织、全血：干冰","1、单例：路径a
2、批量送检：暂存等通知
3、无需病理评估","≤20张","/"
"130","RSPS2025003","LK291","OncoScreen® Plus组织版","/","温控要求：
DNA、全血、白细胞：干冰","1、单例：路径a
2、批量送检：暂存等通知","/","/"
"131","RSPS2025001","LK305","OncoScreen® ParpMatch Pro CDx组织版","1、由实验室贴M码
2、查询微文档是否有指定M码","一、切片：
N含空白玻片或HE片，反馈并暂停
N＞20张，不合格，反馈后流转
N＜20张，不合格
二、样本上受试者筛选号（E-code）和样本标记信息（AccessionNo.）两者任一缺少，反馈并暂停
三、申请单审核如有以下情况，反馈并暂停：
（1）样本随附申请单非原件
（2）申请单预打印信息出现手动修改，包括有样本标记信息（AccessionNo.）、E-code码、研究编号、项目编号
（3）切片厚度未勾选或勾选其他并填写＜4μm
（4）申请单ConfirmSampleisFormalinFixedandParaffnEmbedded(FFPE)选择Yes时，Fixativeused非Formalin，
（5）患者年龄＜18岁","路径a","20张","/"
"132","RSPS2019007","LK165","燃石朗克®血浆版","/","/","路径a","/","无SSP"
"133","RSPS2019007","LK291","OncoScreen® Plus组织版","/","/","路径a","/","无SSP"
"134","RSKY2021004","LK170","燃石朗清®组织版","/","/","路径a","/","/"
"135","RSKY2021004","LK167","燃石朗清®血浆版","/","/","1、基线：路径a；
2、随访：路径b","/","/"
"136","RSKY2022021","LK170","燃石朗清®组织版","/","/","路径a","/","/"
"137","RSKY2022021","LK291","OncoScreen® Plus组织版","/","/","路径a","/","/"
"138","RSKY2022021","LK167","燃石朗清®血浆版","/","/","1、出报告：路径a
2、不出报告：路径b","/","/"
"139","RSKY2022023","LK522","朗微®-MRD","/","不卡控知情","路径a","/","/"
"140","RSPM2025072","LK309","OncoScreen® Plus组织版","/","切片（N含HE片）：
N＞10张，合格需反馈
穿刺切片：
5张＜N＜8张，警戒
N≤5张，不合格
手术切片：
N≤2张，不合格","路径a","≤10张","/"
"141","RSPM2025073","LK311","OncoCompass® Plus血浆版","/","全血：
2ml＜M＜6ml，警戒
M≤2ml，不合格","路径a","/","/"
"142","RSKY2024028","LK521","OncoScreen® WES","/","/","路径a","/","/"
"143","RSKY2024028","LK522","朗微®-MRD","/","肺泡灌洗液：系统按血浆录入","1、肺泡灌洗液：路径a
2、血浆：路径b","/","/"
"144","RSKY2025022","LK521","OncoScreen® WES","/","不卡控知情","路径a","/","/"
"145","RSTL2020029","LK291","OncoScreen® Plus组织版","/","/","1、基线：路径a；
2、随访：路径b；
3、其余：路径b","/","/"
"146","RSTL2021021","LK521","OncoScreen® WES","/","不卡控知情","/","/","/"
"147","RSTL2021021","LK522","朗微®-MRD","/","不卡控知情","/","/","/"
"148","RSTL2022004","LK522","朗微®-MRD","/","不卡控知情","路径a","/","/"
"149","RSTL2022013","LK521","OncoScreen® WES","/","不卡控知情","路径a","/","/"
"150","RSTL2022013","LK522","朗微®-MRD","/","不卡控知情","路径a","/","/"
"151","RSPS2025005","LK308","OncoScreen® Plus组织升级版","/","一、切片：
N＞20张，不合格
穿刺切片：
10张＜N＜16张，警戒
N≤10张，不合格
手术切片：
N≤4张，不合格
二、冰冻组织
三、温控要求：
切片：15℃~25℃
冰冻组织：干冰","1、路径a
2、全部流转核酸提取，不做病理评估","切片：≤20张","/"
"152","RSPM2025077","LK528","OncoScreen® WES遗传版","/","一、EDTA全血：
N＞1管，不合格
M＜0.2ml，不合格
二、申请单上家族史如无填写，无需反馈","路径a","/","/"
"153","RSPM2025079","LK262","燃石朗克® CDx组织版","/","一、切片（N含HE片）：
N＞10张，合格需反馈
穿刺切片：
N≤5张，不合格
手术切片：
N＜3张，不合格
二、温控要求：10℃~30℃","1、路径a
2、按快速检测","≤10张","/"
"154","RSPM2025080","LK291","OncoScreen® Plus组织版","/","一、切片：
N＞10张，不合格
穿刺切片：
5张＜N＜8张，警戒
N≤5张，不合格
手术切片：
N≤2张，不合格
二、温控要求：10℃~30℃","1、预筛选期：路径a
2、其他访视节点：暂存等通知","≤10张","/"
"155","RSPM2024068","LK292","OncoCompass® Plus血浆版","1、由实验室贴M码
2、申请单研究编号为BG-T187-101","一、全血：
不合格全血，不流转分离
N＞1管，不合格
M＞10ml，不合格
M＜6ml，不合格
采血管无任何标记，不合格
T＞7d，不合格
二、申请单审核如有以下情况，反馈并暂停：
（1）申请单预打印信息出现手动修改，包括样本标记信息（AccessionNo.）、研究编号、中心编号、出生日期
（2）样本随附申请单非原件
（3）访视节点不是PRESCREENCTDNABR或PRESCREEN
（4）其他病理亚型不是非小细胞肺癌
（5）是否出具报告：否
（6）访视节点为PRESCREEN，“是否有对照”录入“是”或测序深度非10000X
（7）访视节点非PRESCREEN，“是否有对照”录入“否”或测序深度非5000X","1、前瞻性全血：路径a
2、回顾性血浆&白细胞：暂存等通知","/","审核时流转小程序检查内容：①系统中心编号与医院名称信息是否匹配；②“访视节点“、“是否有对照”和“测序深度”之间的对应关系。"
"156","RSPM2025084","LK030","KRAS","/","切片：
穿刺切片：
N≥8张，合格需反馈
N＜8张，不合格
手术切片：
N≥5张，合格需反馈
N＜5张，不合格","路径a","1、穿刺样本：8张
2、手术样本：5张","/"
"157","RSPM2025094","LK309","OncoScreen® Plus组织版","/","一、切片（N含HE片）：
N含空白玻片或HE片，反馈并暂停
N＞10张，无需反馈，合格全部流转
穿刺切片：
5张＜N＜8张，警戒
N≤5张，不合格
手术切片：
N≤2张，不合格
二、蜡块","路径a","全部流转","/"
"158","RSPM2025098","LK118","燃石馥康®组织版","/","一、切片（N含HE片）：
N＞14张，合格需反馈
穿刺切片：
N≤5张，不合格
手术切片：
N≤2张，不合格
二、组织样本共用要求：
LK118和LK361共用1张HE片，使用LK118的白片制备HE片
三、温控要求：0℃~30℃","路径a","1、穿刺样本：6张
2、手术样本：3张","/"
"159","RSPM2025098","LK361","PD-L1(22c3)","/","一、切片：
N≠1张，不合格
二、组织样本共用要求：
LK118和LK361共用1张HE片，使用LK118的白片制备HE片
三、温控要求：0℃~30℃","路径a","1张","/"
"160","RSPM2025105","LK170","燃石朗清®组织版","/","切片（N含HE片）：
N＞10张，合格需反馈
穿刺切片：
5张≤N＜8张，警戒
N＜5张，不合格
手术切片：
N≤2张，不合格","路径a","≤10张","/"
"161","RSPM2025105","LK194","燃石朗清® Pro血浆版UMI","/","全血：
2ml＜M＜6ml，警戒
M≤2ml，不合格","路径a","/","/"
"162","RSPM2026011","LK309","OncoScreen®Plus组织版","/","切片（N含HE片）
N＞10张，合格需反馈
穿刺切片：
5张＜N＜8张，警戒
N≤5张，不合格
手术切片：
N≤2张，不合格","路径a","≤10张","/"
"163","RSPL2026003","LK528","OncoScreen® WES遗传版","/","一、全血：
M＜ 0.2ml，不合格
N＞1管，不合格
二、申请单“是否有家族史”非必填信息，若无填写无需反馈，样本正常流转","路径a","/","/"
"164","RSKY2019035","LK167","燃石朗清®血浆版","/","/","路径a","/","/"
"165","RSKY2019035","LK170","燃石朗清®组织版","/","/","路径a","/","/"
"166","RSKY2023032","LK204","燃石利清®血浆版","/","/","路径a","/","/"
"167","RSKY2023032","LK205","燃石利清®组织版","/","/","路径a","/","/"
"168","RSKY2023034","LK522","朗微®-MRD","/","/","路径a","/","/"
"169","RSKY2023034","LK335","全转录组测序(WTS)","/","/","路径a","/","/"
"170","RSKY2025011","LK361","PD-L1(22c3)","/","/","暂存等通知，待前端追加名额后会设置后台路径","/","/"
"171","RSKY2025018","LK291","OncoScreen® Plus组织版","/","/","路径a","/","/"
"172","RSKY2025018","LK522","朗微®-MRD","/","/","路径a","/","/"
"173","RSKY2025018","LK361","PD-L1(22c3)","/","/","路径a","/","/"
"174","RSKY2025029","LK521","OncoScreen® WES","/","/","路径a","/","/"
"175","RSKY2025029","LK522","朗微®-MRD","/","/","路径a","/","/"
"176","RSKY2025036","LK291","OncoScreen® Plus组织版","/","/","路径a","/","/"
"177","RSKY2025036","LK526","朗微® LITE-MRD","/","/","路径a","/","/"
"178","RSKY2025037","LK521","OncoScreen® WES","/","/","路径a","/","/"
"179","RSKY2025037","LK522","朗微®-MRD","/","/","路径a","/","/"
"180","RSKY2025037","LK361","PD-L1(22c3)","/","/","路径a","/","/"
"181","RSKY2025038","LK291","OncoScreen® Plus组织版","/","/","路径a","/","/"
"182","RSKY2025041","LK167","燃石朗清®血浆版","/","/","路径a","/","/"
"183","RSKY2025042","LK521","OncoScreen® WES","/","/","路径a","/","/"
"184","RSKY2025042","LK522","朗微®-MRD","/","/","路径a","/","/"
"185","RSKY2025044","LK522","朗微®-MRD","/","/","路径a","/","/"
"186","RSKY2025047","LK170","燃石朗清®组织版","/","/","路径a","/","/"
"187","RSKY2025049","LK512","myChoice HRD Plus","/","/","路径a","/","/"
"188","RSKY2025051","LK291","OncoScreen® Plus组织版","/","/","路径a","/","/"
"189","RSKY2025052","LK361","PD-L1(22c3)","/","/","路径a","/","/"
"190","RSKY2026001","LK291","OncoScreen® Plus组织版","/","/","路径a","/","/"
"191","RSKY2026001","LK167","燃石朗清®血浆版","/","/","路径a","/","/"
"192","RSKY2026001","LK361","PD-L1(22c3)","/","/","路径a","/","/"
"193","RSKY2026002","LK291","OncoScreen® Plus组织版","/","/","路径a","/","/"
"194","RSKY2026002","LK361","PD-L1(22c3)","/","/","路径a","/","/"
"195","RSKY2026004","LK521","OncoScreen® WES","/","/","路径a","/","/"
"196","RSKY2026004","LK522","朗微®-MRD","/","/","路径a","/","/"
"197","RSKY2026007","LK301","","/","/","路径a","/",""
"198","RSPL2021002","LK291","OncoScreen® Plus组织版","/","/","路径a","/","/"
"199","RSPL2021002","LK292","OncoCompass® Plus血浆版","/","/","路径a","/","/"
"200","RSPL2021002","LK170","燃石朗清®组织版","/","/","路径a","/","/"
"201","RSPL2021002","LK167","燃石朗清®血浆版","/","/","路径a","/","/"
"202","RSPL2021002","LK521","OncoScreen® WES","/","/","路径a","/","/"
"203","RSPL2021002","LK522","朗微®-MRD","/","/","路径a","/","/"
"204","RSPL2021002","LK101","燃石朗克®组织版","/","/","路径a","/","/"
"205","RSPL2021002","LK176","燃石朗清®血浆版UMI","/","/","路径a","/","/"
"206","RSPL2024002","LK206","燃石馥康®血浆版","/","按临检要求","路径a","/","无SSP"
"207","RSPL2024005","LK521","OncoScreen® WES","/","出报告","路径a","/","无SSP"
"208","RSPL2024005","LK340","捕获转录组测序(Capture-WTS)","/","不出报告","路径a","/","无SSP"
"209","RSPL2024007","LK306","OncoCompass® Plus血浆版UMI","/","/","路径a","/","AZRSPS2022005压力测试项目"
"210","RSPL2024008","LK292","OncoCompass® Plus血浆版","/","/","路径a","/","/"
"211","RSPL2024010","LK305","OncoScreen® ParpMatch Pro CDx组织版","/","/","路径a","/","AZRSPS2023006压力测试项目"
"212","RSPL2024010","LK298","OncoScreen® Plus CDx组织定制版","/","/","路径a","/","AZRSPS2023006压力测试项目"
"213","RSPL2024011","LK361","PD-L1(22c3)","/","/","路径a","/","/"
"214","RSPL2025014","LK305","OncoScreen® ParpMatch Pro CDx组织版","/","/","路径a","/","AZRSPS2025001压力测试项目"
"215","RSPL2025016","LK311","OncoCompass® Plus血浆版","/","/","路径a","/","/"
"216","RSPL2025019","LK291","OncoScreen® Plus组织版","/","/","路径a","/","/"
"217","RSPL2025019","LK194","燃石朗清® Pro血浆版UMI","/","/","路径a","/","/"
"218","RSPL2026001","LK291","OncoScreen® Plus组织版","/","/","路径a","/","/"
